library_name,symbol_name,evidence
libfmod,FMOD_Memory_GetStats,https://github.com/arielm/FMOD/blob/master/include/fmod.hpp
libfmod,FMOD_Memory_Initialize,https://github.com/arielm/FMOD/blob/master/include/fmod.hpp
libfmod,FMOD_Orbis_SetThreadAffinity,https://qa.fmod.com/t/feature-request-setting-cpu-affinity-for-fmod-threads/11911
libfmod,_ZN4FMOD12ChannelGroup8addGroupEPS0_bPPNS_13DSPConnectionE,https://github.com/arielm/FMOD/blob/master/include/fmod.hpp
libfmod,_ZN4FMOD14ChannelControl10getNumDSPsEPi,https://github.com/arielm/FMOD/blob/master/include/fmod.hpp
libfmod,_ZN4FMOD14ChannelControl10set3DLevelEf,https://github.com/arielm/FMOD/blob/master/include/fmod.hpp
libfmod,_ZN4FMOD14ChannelControl11set3DSpreadEf,https://github.com/arielm/FMOD/blob/master/include/fmod.hpp
libfmod,_ZN4FMOD14ChannelControl15set3DAttributesEPK11FMOD_VECTORS3_S3_,https://github.com/arielm/FMOD/blob/master/include/fmod.hpp
libfmod,_ZN4FMOD14ChannelControl19set3DMinMaxDistanceEff,https://github.com/arielm/FMOD/blob/master/include/fmod.hpp
libfmod,_ZN4FMOD14ChannelControl4stopEv,https://github.com/arielm/FMOD/blob/master/include/fmod.hpp
libfmod,_ZN4FMOD14ChannelControl6addDSPEiPNS_3DSPE,https://github.com/arielm/FMOD/blob/master/include/fmod.hpp
libfmod,_ZN4FMOD14ChannelControl6getDSPEiPPNS_3DSPE,https://github.com/arielm/FMOD/blob/master/include/fmod.hpp
libfmod,_ZN4FMOD14ChannelControl7setModeEj,https://github.com/arielm/FMOD/blob/master/include/fmod.hpp
libfmod,_ZN4FMOD14ChannelControl7setMuteEb,https://github.com/arielm/FMOD/blob/master/include/fmod.hpp
libfmod,_ZN4FMOD14ChannelControl9getPausedEPb,https://github.com/arielm/FMOD/blob/master/include/fmod.hpp
libfmod,_ZN4FMOD14ChannelControl9getVolumeEPf,https://github.com/arielm/FMOD/blob/master/include/fmod.hpp
libfmod,_ZN4FMOD14ChannelControl9isPlayingEPb,https://github.com/arielm/FMOD/blob/master/include/fmod.hpp
libfmod,_ZN4FMOD14ChannelControl9removeDSPEPNS_3DSPE,https://github.com/arielm/FMOD/blob/master/include/fmod.hpp
libfmod,_ZN4FMOD14ChannelControl9setPausedEb,https://github.com/arielm/FMOD/blob/master/include/fmod.hpp
libfmod,_ZN4FMOD14ChannelControl9setVolumeEf,https://github.com/arielm/FMOD/blob/master/include/fmod.hpp
libfmod,_ZN4FMOD3DSP11getUserDataEPPv,https://github.com/arielm/FMOD/blob/master/include/fmod.hpp
libfmod,_ZN4FMOD3DSP11setUserDataEPv,https://github.com/arielm/FMOD/blob/master/include/fmod.hpp
libfmod,_ZN4FMOD3DSP16setChannelFormatEji16FMOD_SPEAKERMODE,https://github.com/arielm/FMOD/blob/master/include/fmod.hpp
libfmod,_ZN4FMOD3DSP7getInfoEPcPjPiS3_S3_,https://github.com/arielm/FMOD/blob/master/include/fmod.hpp
libfmod,_ZN4FMOD3DSP7releaseEv,https://github.com/arielm/FMOD/blob/master/include/fmod.hpp
libfmod,_ZN4FMOD5Sound11getDefaultsEPfPi,https://github.com/arielm/FMOD/blob/master/include/fmod.hpp
libfmod,_ZN4FMOD5Sound12getOpenStateEP14FMOD_OPENSTATEPjPbS4_,https://github.com/arielm/FMOD/blob/master/include/fmod.hpp
libfmod,_ZN4FMOD5Sound4lockEjjPPvS2_PjS3_,https://github.com/arielm/FMOD/blob/master/include/fmod.hpp
libfmod,_ZN4FMOD5Sound6getTagEPKciP8FMOD_TAG,https://github.com/arielm/FMOD/blob/master/include/fmod.hpp
libfmod,_ZN4FMOD5Sound6unlockEPvS1_jj,https://github.com/arielm/FMOD/blob/master/include/fmod.hpp
libfmod,_ZN4FMOD5Sound7releaseEv,https://github.com/arielm/FMOD/blob/master/include/fmod.hpp
libfmod,_ZN4FMOD5Sound8readDataEPvjPj,https://github.com/arielm/FMOD/blob/master/include/fmod.hpp
libfmod,_ZN4FMOD5Sound8seekDataEj,https://github.com/arielm/FMOD/blob/master/include/fmod.hpp
libfmod,_ZN4FMOD5Sound9getFormatEP15FMOD_SOUND_TYPEP17FMOD_SOUND_FORMATPiS5_,https://github.com/arielm/FMOD/blob/master/include/fmod.hpp
libfmod,_ZN4FMOD5Sound9getLengthEPjj,https://github.com/arielm/FMOD/blob/master/include/fmod.hpp
libfmod,_ZN4FMOD6System10getVersionEPj,https://github.com/arielm/FMOD/blob/master/include/fmod.hpp
libfmod,_ZN4FMOD6System10recordStopEi,https://github.com/arielm/FMOD/blob/master/include/fmod.hpp
libfmod,_ZN4FMOD6System11createSoundEPKcjP22FMOD_CREATESOUNDEXINFOPPNS_5SoundE,https://github.com/arielm/FMOD/blob/master/include/fmod.hpp
libfmod,_ZN4FMOD6System11getCPUUsageEPfS1_S1_S1_S1_,https://github.com/arielm/FMOD/blob/master/include/fmod.hpp
libfmod,_ZN4FMOD6System11getUserDataEPPv,https://github.com/arielm/FMOD/blob/master/include/fmod.hpp
libfmod,_ZN4FMOD6System11mixerResumeEv,https://github.com/arielm/FMOD/blob/master/include/fmod.hpp
libfmod,_ZN4FMOD6System11recordStartEiPNS_5SoundEb,https://github.com/arielm/FMOD/blob/master/include/fmod.hpp
libfmod,_ZN4FMOD6System11setCallbackEPF11FMOD_RESULTP11FMOD_SYSTEMjPvS4_S4_Ej,https://github.com/arielm/FMOD/blob/master/include/fmod.hpp
libfmod,_ZN4FMOD6System11setUserDataEPv,https://github.com/arielm/FMOD/blob/master/include/fmod.hpp
libfmod,_ZN4FMOD6System12mixerSuspendEv,https://github.com/arielm/FMOD/blob/master/include/fmod.hpp
libfmod,_ZN4FMOD6System13getDriverInfoEiPciP9FMOD_GUIDPiP16FMOD_SPEAKERMODES4_,https://github.com/arielm/FMOD/blob/master/include/fmod.hpp
libfmod,_ZN4FMOD6System13getNumDriversEPi,https://github.com/arielm/FMOD/blob/master/include/fmod.hpp
libfmod,_ZN4FMOD6System13setFileSystemEPF11FMOD_RESULTPKcPjPPvS5_EPFS1_S5_S5_EPFS1_S5_S5_jS4_S5_EPFS1_S5_jS5_EPFS1_P18FMOD_ASYNCREADINFOS5_ESI_i,https://github.com/arielm/FMOD/blob/master/include/fmod.hpp
libfmod,_ZN4FMOD6System14registerOutputEPK23FMOD_OUTPUT_DESCRIPTIONPj,https://github.com/arielm/FMOD/blob/master/include/fmod.hpp
libfmod,_ZN4FMOD6System16getDSPBufferSizeEPjPi,https://github.com/arielm/FMOD/blob/master/include/fmod.hpp
libfmod,_ZN4FMOD6System16setDSPBufferSizeEji,https://github.com/arielm/FMOD/blob/master/include/fmod.hpp
libfmod,_ZN4FMOD6System17getRecordPositionEiPj,https://github.com/arielm/FMOD/blob/master/include/fmod.hpp
libfmod,_ZN4FMOD6System17getSoftwareFormatEPiP16FMOD_SPEAKERMODES1_,https://github.com/arielm/FMOD/blob/master/include/fmod.hpp
libfmod,_ZN4FMOD6System17setOutputByPluginEj,https://github.com/arielm/FMOD/blob/master/include/fmod.hpp
libfmod,_ZN4FMOD6System17setSoftwareFormatEi16FMOD_SPEAKERMODEi,https://github.com/arielm/FMOD/blob/master/include/fmod.hpp
libfmod,_ZN4FMOD6System18createChannelGroupEPKcPPNS_12ChannelGroupE,https://github.com/arielm/FMOD/blob/master/include/fmod.hpp
libfmod,_ZN4FMOD6System19getAdvancedSettingsEP21FMOD_ADVANCEDSETTINGS,https://github.com/arielm/FMOD/blob/master/include/fmod.hpp
libfmod,_ZN4FMOD6System19getRecordDriverInfoEiPciP9FMOD_GUIDPiP16FMOD_SPEAKERMODES4_Pj,https://github.com/arielm/FMOD/blob/master/include/fmod.hpp
libfmod,_ZN4FMOD6System19getRecordNumDriversEPiS1_,https://github.com/arielm/FMOD/blob/master/include/fmod.hpp
libfmod,_ZN4FMOD6System19setAdvancedSettingsEP21FMOD_ADVANCEDSETTINGS,https://github.com/arielm/FMOD/blob/master/include/fmod.hpp
libfmod,_ZN4FMOD6System19setSoftwareChannelsEi,https://github.com/arielm/FMOD/blob/master/include/fmod.hpp
libfmod,_ZN4FMOD6System21getMasterChannelGroupEPPNS_12ChannelGroupE,https://github.com/arielm/FMOD/blob/master/include/fmod.hpp
libfmod,_ZN4FMOD6System24attachChannelGroupToPortEjyPNS_12ChannelGroupEb,https://github.com/arielm/FMOD/blob/master/include/fmod.hpp
libfmod,_ZN4FMOD6System7playDSPEPNS_3DSPEPNS_12ChannelGroupEbPPNS_7ChannelE,https://github.com/arielm/FMOD/blob/master/include/fmod.hpp
libfmod,_ZN4FMOD6System9createDSPEPK20FMOD_DSP_DESCRIPTIONPPNS_3DSPE,https://github.com/arielm/FMOD/blob/master/include/fmod.hpp
libfmod,_ZN4FMOD6System9getDriverEPi,https://github.com/arielm/FMOD/blob/master/include/fmod.hpp
libfmod,_ZN4FMOD6System9playSoundEPNS_5SoundEPNS_12ChannelGroupEbPPNS_7ChannelE,https://github.com/arielm/FMOD/blob/master/include/fmod.hpp
libfmod,_ZN4FMOD6System9setDriverEi,https://github.com/arielm/FMOD/blob/master/include/fmod.hpp
libfmod,_ZN4FMOD6System9setOutputE15FMOD_OUTPUTTYPE,https://github.com/arielm/FMOD/blob/master/include/fmod.hpp
libfmod,_ZN4FMOD7Channel11getPositionEPjj,https://github.com/arielm/FMOD/blob/master/include/fmod.hpp
libfmod,_ZN4FMOD7Channel11setPositionEjj,https://github.com/arielm/FMOD/blob/master/include/fmod.hpp
libfmod,_ZN4FMOD7Channel12getFrequencyEPf,https://github.com/arielm/FMOD/blob/master/include/fmod.hpp
libfmod,_ZN4FMOD7Channel12setFrequencyEf,https://github.com/arielm/FMOD/blob/master/include/fmod.hpp
libfmod,_ZN4FMOD7Channel12setLoopCountEi,https://github.com/arielm/FMOD/blob/master/include/fmod.hpp
libfmod,_ZN4FMOD7Channel13setLoopPointsEjjjj,https://github.com/arielm/FMOD/blob/master/include/fmod.hpp
libfmod,_ZN4FMOD7Channel15setChannelGroupEPNS_12ChannelGroupE,https://github.com/arielm/FMOD/blob/master/include/fmod.hpp
libfmodstudio,_ZN4FMOD6Studio13EventInstance11setCallbackEPF11FMOD_RESULTjP25FMOD_STUDIO_EVENTINSTANCEPvEj,https://github.com/JoshParnell/libphx/tree/master/ext/include/fmod
libfmodstudio,_ZN4FMOD6Studio13EventInstance11setUserDataEPv,https://github.com/JoshParnell/libphx/tree/master/ext/include/fmod
libfmodstudio,_ZN4FMOD6Studio13EventInstance15set3DAttributesEPK18FMOD_3D_ATTRIBUTES,https://github.com/JoshParnell/libphx/tree/master/ext/include/fmod
libfmodstudio,_ZN4FMOD6Studio13EventInstance17setParameterValueEPKcf,https://github.com/JoshParnell/libphx/tree/master/ext/include/fmod
libfmodstudio,_ZN4FMOD6Studio13EventInstance19setTimelinePositionEi,https://github.com/JoshParnell/libphx/tree/master/ext/include/fmod
libfmodstudio,_ZN4FMOD6Studio13EventInstance4stopE21FMOD_STUDIO_STOP_MODE,https://github.com/JoshParnell/libphx/tree/master/ext/include/fmod
libfmodstudio,_ZN4FMOD6Studio13EventInstance5startEv,https://github.com/JoshParnell/libphx/tree/master/ext/include/fmod
libfmodstudio,_ZN4FMOD6Studio13EventInstance7releaseEv,https://github.com/JoshParnell/libphx/tree/master/ext/include/fmod
libfmodstudio,_ZN4FMOD6Studio13EventInstance9setPausedEb,https://github.com/JoshParnell/libphx/tree/master/ext/include/fmod
libfmodstudio,_ZN4FMOD6Studio13EventInstance9setVolumeEf,https://github.com/JoshParnell/libphx/tree/master/ext/include/fmod
libfmodstudio,_ZN4FMOD6Studio3Bus16lockChannelGroupEv,https://github.com/JoshParnell/libphx/tree/master/ext/include/fmod
libfmodstudio,_ZN4FMOD6Studio3Bus7setMuteEb,https://github.com/JoshParnell/libphx/tree/master/ext/include/fmod
libfmodstudio,_ZN4FMOD6Studio3Bus9setPausedEb,https://github.com/JoshParnell/libphx/tree/master/ext/include/fmod
libfmodstudio,_ZN4FMOD6Studio3Bus9setVolumeEf,https://github.com/JoshParnell/libphx/tree/master/ext/include/fmod
libfmodstudio,_ZN4FMOD6Studio3VCA9setVolumeEf,https://github.com/JoshParnell/libphx/tree/master/ext/include/fmod
libfmodstudio,_ZN4FMOD6Studio4Bank14loadSampleDataEv,https://github.com/JoshParnell/libphx/tree/master/ext/include/fmod
libfmodstudio,_ZN4FMOD6Studio4Bank6unloadEv,https://github.com/JoshParnell/libphx/tree/master/ext/include/fmod
libfmodstudio,_ZN4FMOD6Studio6System10initializeEijjPv,https://github.com/JoshParnell/libphx/tree/master/ext/include/fmod
libfmodstudio,_ZN4FMOD6Studio6System11setUserDataEPv,https://github.com/JoshParnell/libphx/tree/master/ext/include/fmod
libfmodstudio,_ZN4FMOD6Studio6System12loadBankFileEPKcjPPNS0_4BankE,https://github.com/JoshParnell/libphx/tree/master/ext/include/fmod
libfmodstudio,_ZN4FMOD6Studio6System13flushCommandsEv,https://github.com/JoshParnell/libphx/tree/master/ext/include/fmod
libfmodstudio,_ZN4FMOD6Studio6System14registerPluginEPK20FMOD_DSP_DESCRIPTION,https://github.com/JoshParnell/libphx/tree/master/ext/include/fmod
libfmodstudio,_ZN4FMOD6Studio6System19getAdvancedSettingsEP28FMOD_STUDIO_ADVANCEDSETTINGS,https://github.com/JoshParnell/libphx/tree/master/ext/include/fmod
libfmodstudio,_ZN4FMOD6Studio6System19setAdvancedSettingsEP28FMOD_STUDIO_ADVANCEDSETTINGS,https://github.com/JoshParnell/libphx/tree/master/ext/include/fmod
libfmodstudio,_ZN4FMOD6Studio6System21setListenerAttributesEiPK18FMOD_3D_ATTRIBUTES,https://documentation.help/fmod-studio-api/FMOD_Studio_System_SetListenerAttributes.html
libfmodstudio,_ZN4FMOD6Studio6System6createEPPS1_j,https://github.com/JoshParnell/libphx/tree/master/ext/include/fmod
libfmodstudio,_ZN4FMOD6Studio6System6updateEv,https://github.com/JoshParnell/libphx/tree/master/ext/include/fmod
libfmodstudio,_ZN4FMOD6Studio6System7releaseEv,https://github.com/JoshParnell/libphx/tree/master/ext/include/fmod
libfmodstudio,_ZNK4FMOD6Studio13EventInstance11getUserDataEPPv,https://github.com/JoshParnell/libphx/tree/master/ext/include/fmod
libfmodstudio,_ZNK4FMOD6Studio13EventInstance12getParameterEPKcPPNS0_17ParameterInstanceE,https://github.com/JoshParnell/libphx/tree/master/ext/include/fmod
libfmodstudio,_ZNK4FMOD6Studio13EventInstance15getChannelGroupEPPNS_12ChannelGroupE,https://github.com/JoshParnell/libphx/tree/master/ext/include/fmod
libfmodstudio,_ZNK4FMOD6Studio13EventInstance16getPlaybackStateEP26FMOD_STUDIO_PLAYBACK_STATE,https://github.com/JoshParnell/libphx/tree/master/ext/include/fmod
libfmodstudio,_ZNK4FMOD6Studio13EventInstance19getTimelinePositionEPi,https://github.com/JoshParnell/libphx/tree/master/ext/include/fmod
libfmodstudio,_ZNK4FMOD6Studio16EventDescription12getParameterEPKcP33FMOD_STUDIO_PARAMETER_DESCRIPTION,https://github.com/JoshParnell/libphx/tree/master/ext/include/fmod
libfmodstudio,_ZNK4FMOD6Studio16EventDescription14createInstanceEPPNS0_13EventInstanceE,https://github.com/JoshParnell/libphx/tree/master/ext/include/fmod
libfmodstudio,_ZNK4FMOD6Studio16EventDescription17getParameterCountEPi,https://github.com/JoshParnell/libphx/tree/master/ext/include/fmod
libfmodstudio,_ZNK4FMOD6Studio16EventDescription19getParameterByIndexEiP33FMOD_STUDIO_PARAMETER_DESCRIPTION,https://github.com/JoshParnell/libphx/tree/master/ext/include/fmod
libfmodstudio,_ZNK4FMOD6Studio16EventDescription7getPathEPciPi,https://github.com/JoshParnell/libphx/tree/master/ext/include/fmod
libfmodstudio,_ZNK4FMOD6Studio16EventDescription9getLengthEPi,https://github.com/JoshParnell/libphx/tree/master/ext/include/fmod
libfmodstudio,_ZNK4FMOD6Studio16EventDescription9isOneshotEPb,https://github.com/JoshParnell/libphx/tree/master/ext/include/fmod
libfmodstudio,_ZNK4FMOD6Studio17ParameterInstance8getValueEPf,https://github.com/JoshParnell/libphx/tree/master/ext/include/fmod
libfmodstudio,_ZNK4FMOD6Studio3Bus15getChannelGroupEPPNS_12ChannelGroupE,https://github.com/JoshParnell/libphx/tree/master/ext/include/fmod
libfmodstudio,_ZNK4FMOD6Studio3Bus7getPathEPciPi,https://github.com/JoshParnell/libphx/tree/master/ext/include/fmod
libfmodstudio,_ZNK4FMOD6Studio3Bus9getVolumeEPfS2_,https://github.com/JoshParnell/libphx/tree/master/ext/include/fmod
libfmodstudio,_ZNK4FMOD6Studio3VCA9getVolumeEPfS2_,https://github.com/JoshParnell/libphx/tree/master/ext/include/fmod
libfmodstudio,_ZNK4FMOD6Studio4Bank10getBusListEPPNS0_3BusEiPi,https://github.com/JoshParnell/libphx/tree/master/ext/include/fmod
libfmodstudio,_ZNK4FMOD6Studio4Bank11getBusCountEPi,https://github.com/JoshParnell/libphx/tree/master/ext/include/fmod
libfmodstudio,_ZNK4FMOD6Studio4Bank12getEventListEPPNS0_16EventDescriptionEiPi,https://github.com/JoshParnell/libphx/tree/master/ext/include/fmod
libfmodstudio,_ZNK4FMOD6Studio4Bank13getEventCountEPi,https://github.com/JoshParnell/libphx/tree/master/ext/include/fmod
libfmodstudio,_ZNK4FMOD6Studio4Bank15getLoadingStateEP25FMOD_STUDIO_LOADING_STATE,https://github.com/JoshParnell/libphx/tree/master/ext/include/fmod
libfmodstudio,_ZNK4FMOD6Studio4Bank21getSampleLoadingStateEP25FMOD_STUDIO_LOADING_STATE,https://github.com/JoshParnell/libphx/tree/master/ext/include/fmod
libfmodstudio,_ZNK4FMOD6Studio6System11getUserDataEPPv,https://github.com/JoshParnell/libphx/tree/master/ext/include/fmod
libfmodstudio,_ZNK4FMOD6Studio6System12getSoundInfoEPKcP22FMOD_STUDIO_SOUND_INFO,https://github.com/JoshParnell/libphx/tree/master/ext/include/fmod
libfmodstudio,_ZNK4FMOD6Studio6System17getLowLevelSystemEPPNS_6SystemE,https://github.com/JoshParnell/libphx/tree/master/ext/include/fmod
libfmodstudio,_ZNK4FMOD6Studio6System6getBusEPKcPPNS0_3BusE,https://github.com/JoshParnell/libphx/tree/master/ext/include/fmod
libfmodstudio,_ZNK4FMOD6Studio6System6getVCAEPKcPPNS0_3VCAE,https://github.com/JoshParnell/libphx/tree/master/ext/include/fmod
libfmodstudio,_ZNK4FMOD6Studio6System7isValidEv,https://github.com/JoshParnell/libphx/tree/master/ext/include/fmod
libfmodstudio,_ZNK4FMOD6Studio6System8getEventEPKcPPNS0_16EventDescriptionE,https://github.com/JoshParnell/libphx/tree/master/ext/include/fmod
libfmodstudio,_ZNK4FMOD6Studio6System8lookupIDEPKcP9FMOD_GUID,https://github.com/JoshParnell/libphx/tree/master/ext/include/fmod
